,customer_id,family_size,age_range_18-25,age_range_26-35,age_range_36-45,age_range_46-55,age_range_56-70,age_range_70+,rented_0,rented_1,income_bracket_1,income_bracket_2,income_bracket_3,income_bracket_4,income_bracket_5,income_bracket_6,income_bracket_7,income_bracket_8,income_bracket_9,income_bracket_10,income_bracket_11,income_bracket_12
0,1,2,0,0,0,0,0,1,1,0,0,0,0,1,0,0,0,0,0,0,0,0
1,6,2,0,0,0,1,0,0,1,0,0,0,0,0,1,0,0,0,0,0,0,0
2,7,3,0,1,0,0,0,0,1,0,0,0,1,0,0,0,0,0,0,0,0,0
3,8,4,0,1,0,0,0,0,1,0,0,0,0,0,0,1,0,0,0,0,0,0
4,10,1,0,0,0,1,0,0,1,0,0,0,0,0,1,0,0,0,0,0,0,0
5,11,2,0,0,0,0,0,1,1,0,1,0,0,0,0,0,0,0,0,0,0,0
6,12,2,0,0,0,1,0,0,1,0,0,0,0,0,0,0,1,0,0,0,0,0
7,13,1,0,0,1,0,0,0,1,0,0,1,0,0,0,0,0,0,0,0,0,0
8,14,2,0,1,0,0,0,0,0,1,0,0,0,0,0,1,0,0,0,0,0,0
9,15,2,0,0,0,1,0,0,1,0,0,0,0,0,0,1,0,0,0,0,0,0
10,17,1,0,0,1,0,0,0,1,0,0,0,0,0,1,0,0,0,0,0,0,0
11,19,1,0,0,0,1,0,0,1,0,0,0,1,0,0,0,0,0,0,0,0,0
12,22,2,0,0,1,0,0,0,1,0,0,0,0,1,0,0,0,0,0,0,0,0
13,27,2,0,0,1,0,0,0,1,0,0,0,0,0,0,0,0,1,0,0,0,0
14,28,2,0,0,0,1,0,0,1,0,1,0,0,0,0,0,0,0,0,0,0,0
15,30,1,0,0,0,0,0,1,1,0,0,0,0,0,1,0,0,0,0,0,0,0
16,31,5+,0,0,1,0,0,0,1,0,0,1,0,0,0,0,0,0,0,0,0,0
17,33,5+,0,0,0,1,0,0,1,0,0,0,0,0,0,0,0,0,1,0,0,0
18,35,2,1,0,0,0,0,0,1,0,0,0,0,1,0,0,0,0,0,0,0,0
19,36,2,0,0,1,0,0,0,1,0,0,0,0,1,0,0,0,0,0,0,0,0
20,38,2,0,0,0,1,0,0,1,0,0,0,0,0,1,0,0,0,0,0,0,0
21,39,2,0,0,0,0,0,1,1,0,0,0,0,1,0,0,0,0,0,0,0,0
22,40,4,0,0,0,0,1,0,1,0,0,0,0,0,0,0,1,0,0,0,0,0
23,41,2,0,0,0,1,0,0,1,0,0,0,0,1,0,0,0,0,0,0,0,0
24,42,4,0,1,0,0,0,0,1,0,0,0,0,0,0,0,0,0,1,0,0,0
25,45,5+,0,0,0,1,0,0,1,0,1,0,0,0,0,0,0,0,0,0,0,0
26,48,2,0,0,1,0,0,0,1,0,0,0,1,0,0,0,0,0,0,0,0,0
27,51,2,0,0,0,0,0,1,1,0,0,1,0,0,0,0,0,0,0,0,0,0
28,52,5+,0,0,1,0,0,0,1,0,0,0,0,0,0,0,1,0,0,0,0,0
29,53,1,0,0,0,0,1,0,1,0,0,0,1,0,0,0,0,0,0,0,0,0
30,55,2,0,0,0,1,0,0,1,0,0,0,0,0,1,0,0,0,0,0,0,0
31,58,1,0,1,0,0,0,0,1,0,0,0,0,1,0,0,0,0,0,0,0,0
32,59,1,0,0,0,0,0,1,1,0,0,0,0,1,0,0,0,0,0,0,0,0
33,66,1,0,0,0,1,0,0,1,0,0,0,0,0,0,1,0,0,0,0,0,0
34,67,2,0,0,1,0,0,0,1,0,0,0,0,1,0,0,0,0,0,0,0,0
35,69,4,0,0,0,1,0,0,1,0,1,0,0,0,0,0,0,0,0,0,0,0
36,71,5+,0,0,1,0,0,0,1,0,0,0,0,1,0,0,0,0,0,0,0,0
37,72,3,0,1,0,0,0,0,1,0,1,0,0,0,0,0,0,0,0,0,0,0
38,74,2,0,1,0,0,0,0,1,0,0,1,0,0,0,0,0,0,0,0,0,0
39,75,1,0,1,0,0,0,0,1,0,0,0,0,1,0,0,0,0,0,0,0,0
40,78,4,0,0,1,0,0,0,1,0,0,0,0,0,0,0,0,1,0,0,0,0
41,79,2,0,1,0,0,0,0,1,0,0,0,0,1,0,0,0,0,0,0,0,0
42,82,2,0,0,0,0,0,1,1,0,0,0,0,1,0,0,0,0,0,0,0,0
43,83,1,0,0,0,1,0,0,1,0,0,0,0,1,0,0,0,0,0,0,0,0
44,84,1,0,0,0,1,0,0,1,0,0,0,0,0,0,0,0,1,0,0,0,0
45,85,3,0,0,0,1,0,0,1,0,0,0,1,0,0,0,0,0,0,0,0,0
46,87,2,0,0,0,1,0,0,1,0,0,0,0,1,0,0,0,0,0,0,0,0
47,89,1,0,0,0,1,0,0,1,0,0,0,1,0,0,0,0,0,0,0,0,0
48,90,2,0,0,0,1,0,0,1,0,0,0,0,0,1,0,0,0,0,0,0,0
49,92,2,0,0,0,1,0,0,1,0,1,0,0,0,0,0,0,0,0,0,0,0
50,93,2,0,0,0,0,1,0,1,0,0,0,1,0,0,0,0,0,0,0,0,0
51,94,1,0,0,0,1,0,0,1,0,0,0,0,0,1,0,0,0,0,0,0,0
52,97,1,0,0,1,0,0,0,1,0,0,0,0,0,0,1,0,0,0,0,0,0
53,103,2,0,0,0,1,0,0,1,0,0,0,0,1,0,0,0,0,0,0,0,0
54,105,3,0,0,1,0,0,0,1,0,0,0,0,0,1,0,0,0,0,0,0,0
55,107,2,1,0,0,0,0,0,1,0,0,1,0,0,0,0,0,0,0,0,0,0
56,108,1,0,0,0,1,0,0,1,0,0,0,0,0,1,0,0,0,0,0,0,0
57,110,3,1,0,0,0,0,0,1,0,0,0,0,0,0,1,0,0,0,0,0,0
58,112,2,0,0,0,1,0,0,1,0,0,0,0,1,0,0,0,0,0,0,0,0
59,113,2,0,0,0,0,1,0,1,0,0,0,0,1,0,0,0,0,0,0,0,0
60,114,3,0,1,0,0,0,0,1,0,0,0,0,0,1,0,0,0,0,0,0,0
61,119,1,0,0,0,1,0,0,1,0,0,0,1,0,0,0,0,0,0,0,0,0
62,123,2,0,0,0,1,0,0,1,0,0,0,0,1,0,0,0,0,0,0,0,0
63,124,2,0,0,0,1,0,0,1,0,0,0,0,0,0,1,0,0,0,0,0,0
64,128,3,0,0,1,0,0,0,1,0,1,0,0,0,0,0,0,0,0,0,0,0
65,131,2,0,0,0,1,0,0,1,0,0,0,0,0,1,0,0,0,0,0,0,0
66,132,3,0,0,0,1,0,0,1,0,0,0,1,0,0,0,0,0,0,0,0,0
67,134,2,0,0,0,0,0,1,1,0,0,0,0,1,0,0,0,0,0,0,0,0
68,135,1,0,0,1,0,0,0,1,0,1,0,0,0,0,0,0,0,0,0,0,0
69,136,2,0,0,0,0,1,0,1,0,1,0,0,0,0,0,0,0,0,0,0,0
70,138,1,0,0,1,0,0,0,1,0,0,0,0,0,1,0,0,0,0,0,0,0
71,140,2,0,0,0,1,0,0,1,0,0,1,0,0,0,0,0,0,0,0,0,0
72,141,2,0,0,0,0,1,0,1,0,0,0,0,0,0,0,0,0,1,0,0,0
73,142,2,0,0,0,1,0,0,1,0,0,0,0,1,0,0,0,0,0,0,0,0
74,143,1,0,0,0,0,0,1,1,0,0,1,0,0,0,0,0,0,0,0,0,0
75,144,2,0,0,1,0,0,0,1,0,0,0,0,1,0,0,0,0,0,0,0,0
76,149,1,0,1,0,0,0,0,1,0,0,0,1,0,0,0,0,0,0,0,0,0
77,150,2,0,0,1,0,0,0,1,0,0,0,0,1,0,0,0,0,0,0,0,0
78,151,5+,0,0,1,0,0,0,1,0,0,0,0,0,0,0,0,0,0,0,0,1
79,153,1,0,0,0,1,0,0,0,1,0,0,0,0,1,0,0,0,0,0,0,0
80,154,5+,0,0,0,1,0,0,1,0,0,0,0,0,0,1,0,0,0,0,0,0
81,155,2,0,0,0,0,0,1,1,0,0,0,0,0,1,0,0,0,0,0,0,0
82,158,4,0,0,1,0,0,0,1,0,0,0,0,0,0,0,0,1,0,0,0,0
83,159,3,0,0,1,0,0,0,0,1,1,0,0,0,0,0,0,0,0,0,0,0
84,161,1,0,0,0,1,0,0,1,0,1,0,0,0,0,0,0,0,0,0,0,0
85,162,2,0,1,0,0,0,0,1,0,0,0,0,0,1,0,0,0,0,0,0,0
86,163,3,0,1,0,0,0,0,1,0,0,0,1,0,0,0,0,0,0,0,0,0
87,167,2,0,0,0,1,0,0,1,0,0,0,0,1,0,0,0,0,0,0,0,0
88,168,2,0,0,0,1,0,0,1,0,0,0,0,0,0,1,0,0,0,0,0,0
89,174,1,0,0,1,0,0,0,1,0,0,0,0,1,0,0,0,0,0,0,0,0
90,178,1,0,0,1,0,0,0,1,0,0,0,0,0,1,0,0,0,0,0,0,0
91,179,1,0,0,0,1,0,0,1,0,0,0,0,1,0,0,0,0,0,0,0,0
92,180,2,0,1,0,0,0,0,1,0,0,0,0,0,1,0,0,0,0,0,0,0
93,185,1,0,0,0,1,0,0,1,0,0,0,0,0,0,0,1,0,0,0,0,0
94,186,2,0,1,0,0,0,0,1,0,0,0,0,1,0,0,0,0,0,0,0,0
95,189,4,0,1,0,0,0,0,1,0,0,0,0,0,1,0,0,0,0,0,0,0
96,191,2,0,0,0,0,1,0,1,0,1,0,0,0,0,0,0,0,0,0,0,0
97,192,4,0,0,1,0,0,0,1,0,0,0,0,1,0,0,0,0,0,0,0,0
98,193,3,0,0,0,1,0,0,1,0,0,0,0,1,0,0,0,0,0,0,0,0
99,195,2,0,1,0,0,0,0,1,0,0,0,0,0,1,0,0,0,0,0,0,0
100,197,4,1,0,0,0,0,0,1,0,0,0,0,1,0,0,0,0,0,0,0,0
101,201,3,0,0,0,1,0,0,1,0,0,0,0,0,0,1,0,0,0,0,0,0
102,202,2,0,0,0,1,0,0,1,0,0,0,0,0,0,1,0,0,0,0,0,0
103,204,4,0,0,0,1,0,0,1,0,0,0,0,1,0,0,0,0,0,0,0,0
104,205,2,0,0,0,1,0,0,1,0,0,0,0,0,0,0,1,0,0,0,0,0
105,207,1,0,0,0,1,0,0,1,0,0,0,0,0,1,0,0,0,0,0,0,0
106,209,1,0,1,0,0,0,0,1,0,0,0,0,0,0,1,0,0,0,0,0,0
107,212,5+,0,0,1,0,0,0,1,0,0,0,0,0,0,0,0,1,0,0,0,0
108,214,2,0,0,0,1,0,0,1,0,1,0,0,0,0,0,0,0,0,0,0,0
109,223,2,0,0,0,0,0,1,1,0,0,0,0,0,1,0,0,0,0,0,0,0
110,225,4,0,0,0,1,0,0,1,0,0,0,0,0,1,0,0,0,0,0,0,0
111,226,1,0,0,0,1,0,0,1,0,0,0,0,0,1,0,0,0,0,0,0,0
112,227,2,0,0,0,1,0,0,1,0,0,0,0,0,0,0,0,0,1,0,0,0
113,228,5+,0,1,0,0,0,0,1,0,0,0,0,1,0,0,0,0,0,0,0,0
114,230,2,0,0,1,0,0,0,1,0,0,0,0,0,1,0,0,0,0,0,0,0
115,231,1,0,0,0,1,0,0,1,0,0,0,0,0,1,0,0,0,0,0,0,0
116,232,1,0,0,0,0,0,1,1,0,0,0,0,0,1,0,0,0,0,0,0,0
117,235,2,0,0,0,0,1,0,1,0,0,0,0,0,1,0,0,0,0,0,0,0
118,238,2,0,0,0,0,0,1,1,0,0,0,0,0,1,0,0,0,0,0,0,0
119,239,3,0,0,1,0,0,0,1,0,0,0,0,0,0,1,0,0,0,0,0,0
120,242,2,0,0,0,1,0,0,1,0,0,0,0,0,1,0,0,0,0,0,0,0
121,243,2,0,0,0,0,1,0,1,0,0,0,0,0,1,0,0,0,0,0,0,0
122,245,2,0,1,0,0,0,0,1,0,0,0,0,1,0,0,0,0,0,0,0,0
123,246,1,0,0,0,1,0,0,1,0,0,0,0,0,1,0,0,0,0,0,0,0
124,248,1,0,0,1,0,0,0,1,0,0,0,1,0,0,0,0,0,0,0,0,0
125,249,1,0,1,0,0,0,0,1,0,0,0,0,0,1,0,0,0,0,0,0,0
126,250,1,0,0,1,0,0,0,1,0,0,0,0,0,0,0,0,0,1,0,0,0
127,251,1,0,0,0,1,0,0,0,1,0,0,1,0,0,0,0,0,0,0,0,0
128,252,1,0,0,0,0,0,1,1,0,0,0,1,0,0,0,0,0,0,0,0,0
129,253,3,0,0,1,0,0,0,1,0,0,0,0,0,0,0,0,0,0,0,0,1
130,259,3,0,0,1,0,0,0,1,0,0,0,0,0,0,0,0,0,1,0,0,0
131,262,2,0,1,0,0,0,0,1,0,0,0,1,0,0,0,0,0,0,0,0,0
132,265,2,1,0,0,0,0,0,1,0,0,0,1,0,0,0,0,0,0,0,0,0
133,266,5+,0,0,0,0,1,0,1,0,0,0,0,1,0,0,0,0,0,0,0,0
134,267,2,0,0,1,0,0,0,1,0,1,0,0,0,0,0,0,0,0,0,0,0
135,268,2,0,0,0,0,0,1,1,0,0,1,0,0,0,0,0,0,0,0,0,0
136,269,1,0,0,0,1,0,0,1,0,0,0,0,0,0,0,1,0,0,0,0,0
137,271,3,0,0,1,0,0,0,1,0,0,0,0,1,0,0,0,0,0,0,0,0
138,276,2,0,0,0,1,0,0,1,0,0,0,0,0,1,0,0,0,0,0,0,0
139,277,2,1,0,0,0,0,0,1,0,0,0,0,0,1,0,0,0,0,0,0,0
140,279,1,1,0,0,0,0,0,1,0,0,0,1,0,0,0,0,0,0,0,0,0
141,281,3,0,0,1,0,0,0,1,0,0,1,0,0,0,0,0,0,0,0,0,0
142,283,5+,0,1,0,0,0,0,1,0,0,0,0,0,1,0,0,0,0,0,0,0
143,284,2,0,0,1,0,0,0,1,0,0,0,0,0,1,0,0,0,0,0,0,0
144,286,1,0,0,0,1,0,0,1,0,0,0,0,0,1,0,0,0,0,0,0,0
145,287,2,0,1,0,0,0,0,1,0,0,1,0,0,0,0,0,0,0,0,0,0
146,288,2,0,0,0,1,0,0,1,0,0,0,1,0,0,0,0,0,0,0,0,0
147,292,2,0,1,0,0,0,0,0,1,1,0,0,0,0,0,0,0,0,0,0,0
148,293,1,0,0,0,0,1,0,1,0,0,0,0,1,0,0,0,0,0,0,0,0
149,294,2,1,0,0,0,0,0,1,0,0,0,0,0,1,0,0,0,0,0,0,0
150,295,2,0,0,0,0,1,0,1,0,0,0,0,1,0,0,0,0,0,0,0,0
151,297,1,0,0,0,0,0,1,1,0,0,0,1,0,0,0,0,0,0,0,0,0
152,298,1,0,0,0,0,0,1,1,0,0,0,0,0,0,0,1,0,0,0,0,0
153,300,2,0,0,0,0,0,1,1,0,0,0,0,0,1,0,0,0,0,0,0,0
154,303,1,0,0,0,1,0,0,1,0,0,0,0,0,0,1,0,0,0,0,0,0
155,306,1,0,0,0,1,0,0,1,0,0,0,0,0,1,0,0,0,0,0,0,0
156,313,1,0,0,0,1,0,0,1,0,0,0,0,1,0,0,0,0,0,0,0,0
157,314,2,0,1,0,0,0,0,1,0,0,1,0,0,0,0,0,0,0,0,0,0
158,315,1,0,0,1,0,0,0,1,0,0,0,1,0,0,0,0,0,0,0,0,0
159,316,1,0,0,0,0,1,0,1,0,0,0,0,0,0,0,0,0,1,0,0,0
160,317,5+,0,0,1,0,0,0,1,0,0,0,0,0,0,1,0,0,0,0,0,0
161,318,2,0,0,0,1,0,0,1,0,0,0,0,0,0,1,0,0,0,0,0,0
162,319,2,0,0,0,1,0,0,1,0,0,0,0,0,1,0,0,0,0,0,0,0
163,320,1,0,0,0,0,1,0,1,0,0,0,0,0,1,0,0,0,0,0,0,0
164,327,3,0,0,1,0,0,0,1,0,0,0,0,0,0,0,0,0,0,0,0,1
165,329,2,0,0,0,1,0,0,1,0,0,0,0,0,0,1,0,0,0,0,0,0
166,333,2,0,0,0,1,0,0,1,0,0,0,0,0,0,1,0,0,0,0,0,0
167,336,1,0,0,0,0,0,1,1,0,0,0,0,1,0,0,0,0,0,0,0,0
168,338,1,0,0,0,1,0,0,1,0,0,0,0,0,1,0,0,0,0,0,0,0
169,339,1,0,0,0,1,0,0,1,0,0,0,0,0,1,0,0,0,0,0,0,0
170,343,1,0,0,0,1,0,0,1,0,0,0,0,1,0,0,0,0,0,0,0,0
171,347,1,0,1,0,0,0,0,1,0,0,0,0,0,1,0,0,0,0,0,0,0
172,348,1,0,1,0,0,0,0,1,0,0,0,0,1,0,0,0,0,0,0,0,0
173,349,3,0,0,1,0,0,0,1,0,0,0,0,1,0,0,0,0,0,0,0,0
174,352,2,0,0,0,1,0,0,1,0,0,0,0,0,1,0,0,0,0,0,0,0
175,353,2,0,0,1,0,0,0,1,0,0,0,0,0,0,1,0,0,0,0,0,0
176,355,2,0,0,0,1,0,0,1,0,0,0,0,0,0,1,0,0,0,0,0,0
177,357,2,1,0,0,0,0,0,1,0,0,0,0,1,0,0,0,0,0,0,0,0
178,361,1,1,0,0,0,0,0,1,0,0,0,1,0,0,0,0,0,0,0,0,0
179,363,3,0,0,1,0,0,0,1,0,0,0,0,0,0,0,0,0,0,0,0,1
180,367,3,0,0,1,0,0,0,1,0,0,0,0,0,0,1,0,0,0,0,0,0
181,368,1,0,0,1,0,0,0,1,0,0,0,0,0,1,0,0,0,0,0,0,0
182,369,2,0,0,0,0,1,0,1,0,0,0,0,1,0,0,0,0,0,0,0,0
183,371,1,0,1,0,0,0,0,1,0,0,0,0,0,1,0,0,0,0,0,0,0
184,374,3,0,0,0,1,0,0,1,0,0,0,0,0,0,0,0,1,0,0,0,0
185,375,1,0,0,1,0,0,0,1,0,0,1,0,0,0,0,0,0,0,0,0,0
186,377,3,1,0,0,0,0,0,0,1,0,0,0,1,0,0,0,0,0,0,0,0
187,378,5+,0,0,1,0,0,0,1,0,0,0,0,0,1,0,0,0,0,0,0,0
188,381,3,0,1,0,0,0,0,1,0,0,0,0,1,0,0,0,0,0,0,0,0
189,382,3,0,0,0,1,0,0,1,0,0,1,0,0,0,0,0,0,0,0,0,0
190,383,2,1,0,0,0,0,0,1,0,1,0,0,0,0,0,0,0,0,0,0,0
191,384,1,0,0,1,0,0,0,1,0,0,0,1,0,0,0,0,0,0,0,0,0
192,386,4,0,0,1,0,0,0,1,0,0,0,0,0,0,0,1,0,0,0,0,0
193,389,4,0,1,0,0,0,0,1,0,0,0,0,0,0,1,0,0,0,0,0,0
194,390,1,0,0,0,1,0,0,1,0,0,0,0,1,0,0,0,0,0,0,0,0
195,391,1,0,0,0,1,0,0,1,0,0,0,0,0,0,0,0,1,0,0,0,0
196,392,5+,0,1,0,0,0,0,0,1,0,0,1,0,0,0,0,0,0,0,0,0
197,393,1,0,0,0,1,0,0,1,0,0,0,0,0,1,0,0,0,0,0,0,0
198,395,4,0,0,1,0,0,0,1,0,0,1,0,0,0,0,0,0,0,0,0,0
199,397,1,0,0,0,1,0,0,1,0,0,0,0,1,0,0,0,0,0,0,0,0
200,398,1,0,0,1,0,0,0,1,0,0,1,0,0,0,0,0,0,0,0,0,0
201,399,3,0,0,0,1,0,0,1,0,0,0,0,1,0,0,0,0,0,0,0,0
202,400,1,0,0,0,1,0,0,1,0,0,0,0,0,1,0,0,0,0,0,0,0
203,401,3,0,0,1,0,0,0,1,0,0,0,0,1,0,0,0,0,0,0,0,0
204,402,3,0,0,0,0,0,1,1,0,0,0,0,0,0,0,1,0,0,0,0,0
205,414,2,0,0,0,0,0,1,1,0,0,0,0,0,0,1,0,0,0,0,0,0
206,416,4,0,0,1,0,0,0,0,1,0,0,0,0,1,0,0,0,0,0,0,0
207,421,2,0,0,0,0,1,0,1,0,0,0,0,0,1,0,0,0,0,0,0,0
208,422,1,0,0,0,1,0,0,1,0,0,0,0,0,1,0,0,0,0,0,0,0
209,427,3,0,0,0,0,1,0,1,0,0,0,0,1,0,0,0,0,0,0,0,0
210,428,1,0,0,1,0,0,0,1,0,0,0,0,1,0,0,0,0,0,0,0,0
211,429,2,0,0,1,0,0,0,1,0,0,0,1,0,0,0,0,0,0,0,0,0
212,431,2,0,0,1,0,0,0,1,0,0,0,0,0,1,0,0,0,0,0,0,0
213,434,1,0,0,0,1,0,0,1,0,0,0,0,0,1,0,0,0,0,0,0,0
214,436,2,0,0,0,0,0,1,1,0,0,0,0,0,0,0,0,1,0,0,0,0
215,438,2,0,0,1,0,0,0,1,0,1,0,0,0,0,0,0,0,0,0,0,0
216,440,3,0,0,1,0,0,0,1,0,0,0,0,0,0,0,0,1,0,0,0,0
217,441,1,0,0,0,0,0,1,1,0,0,1,0,0,0,0,0,0,0,0,0,0
218,443,1,0,0,0,0,0,1,1,0,0,0,0,1,0,0,0,0,0,0,0,0
219,444,2,0,0,0,1,0,0,1,0,0,1,0,0,0,0,0,0,0,0,0,0
220,446,3,0,0,1,0,0,0,1,0,0,0,0,1,0,0,0,0,0,0,0,0
221,447,2,0,0,1,0,0,0,1,0,0,0,0,0,1,0,0,0,0,0,0,0
222,450,2,0,0,0,1,0,0,1,0,0,0,0,0,1,0,0,0,0,0,0,0
223,455,2,0,0,0,1,0,0,1,0,0,0,0,0,1,0,0,0,0,0,0,0
224,456,5+,0,1,0,0,0,0,1,0,0,0,0,0,0,0,1,0,0,0,0,0
225,457,4,0,0,1,0,0,0,1,0,0,0,0,0,0,0,1,0,0,0,0,0
226,460,2,0,0,0,0,0,1,1,0,0,0,0,0,1,0,0,0,0,0,0,0
227,461,3,0,0,0,0,1,0,1,0,0,1,0,0,0,0,0,0,0,0,0,0
228,462,2,0,0,0,0,1,0,1,0,0,1,0,0,0,0,0,0,0,0,0,0
229,463,5+,0,0,0,1,0,0,1,0,0,0,0,0,0,1,0,0,0,0,0,0
230,464,5+,0,0,0,1,0,0,1,0,0,0,1,0,0,0,0,0,0,0,0,0
231,466,2,0,0,1,0,0,0,1,0,0,0,0,0,1,0,0,0,0,0,0,0
232,467,1,0,0,0,1,0,0,1,0,0,0,1,0,0,0,0,0,0,0,0,0
233,473,2,0,0,0,1,0,0,1,0,0,0,0,1,0,0,0,0,0,0,0,0
234,474,4,0,0,0,0,1,0,1,0,0,0,0,0,0,1,0,0,0,0,0,0
235,475,2,0,0,0,1,0,0,1,0,0,0,0,0,0,1,0,0,0,0,0,0
236,479,2,0,0,0,1,0,0,1,0,0,0,0,0,0,0,0,0,0,1,0,0
237,480,3,0,0,0,0,0,1,1,0,0,0,0,0,1,0,0,0,0,0,0,0
238,481,4,0,0,1,0,0,0,0,1,0,1,0,0,0,0,0,0,0,0,0,0
239,486,3,0,0,0,1,0,0,1,0,1,0,0,0,0,0,0,0,0,0,0,0
240,488,2,0,0,1,0,0,0,0,1,0,0,0,0,0,1,0,0,0,0,0,0
241,490,1,0,0,1,0,0,0,1,0,0,0,0,0,1,0,0,0,0,0,0,0
242,494,5+,0,1,0,0,0,0,1,0,0,0,0,0,0,0,0,1,0,0,0,0
243,495,2,0,0,1,0,0,0,0,1,0,0,0,0,0,0,0,1,0,0,0,0
244,497,5+,0,0,1,0,0,0,1,0,0,0,0,0,1,0,0,0,0,0,0,0
245,498,2,0,0,0,1,0,0,1,0,0,0,0,0,0,0,0,0,1,0,0,0
246,499,2,0,0,1,0,0,0,0,1,0,0,0,0,1,0,0,0,0,0,0,0
247,501,1,0,0,0,1,0,0,1,0,0,0,0,0,1,0,0,0,0,0,0,0
248,504,3,0,0,0,0,0,1,1,0,0,0,0,0,0,0,0,1,0,0,0,0
249,506,2,0,0,0,1,0,0,1,0,0,0,0,0,0,0,1,0,0,0,0,0
250,507,2,0,0,0,0,0,1,1,0,0,0,0,0,0,1,0,0,0,0,0,0
251,508,2,1,0,0,0,0,0,1,0,0,0,0,0,0,1,0,0,0,0,0,0
252,509,1,0,1,0,0,0,0,1,0,0,0,1,0,0,0,0,0,0,0,0,0
253,510,2,0,1,0,0,0,0,1,0,1,0,0,0,0,0,0,0,0,0,0,0
254,511,1,0,0,0,1,0,0,1,0,0,0,0,0,1,0,0,0,0,0,0,0
255,514,2,0,1,0,0,0,0,1,0,0,0,0,0,0,1,0,0,0,0,0,0
256,515,2,0,1,0,0,0,0,1,0,0,0,0,1,0,0,0,0,0,0,0,0
257,516,2,0,0,0,0,0,1,1,0,0,0,0,1,0,0,0,0,0,0,0,0
258,517,2,0,1,0,0,0,0,1,0,0,0,0,0,0,1,0,0,0,0,0,0
259,520,2,0,0,1,0,0,0,1,0,0,0,0,0,0,1,0,0,0,0,0,0
260,522,3,0,0,0,1,0,0,1,0,0,0,0,0,0,1,0,0,0,0,0,0
261,524,1,0,1,0,0,0,0,1,0,0,0,0,0,1,0,0,0,0,0,0,0
262,525,3,0,0,1,0,0,0,1,0,0,0,0,0,0,0,0,0,1,0,0,0
263,527,3,0,0,1,0,0,0,1,0,0,0,0,0,1,0,0,0,0,0,0,0
264,528,2,0,0,0,1,0,0,1,0,0,0,0,0,0,0,0,0,0,1,0,0
265,530,3,0,0,0,1,0,0,1,0,0,0,0,0,1,0,0,0,0,0,0,0
266,533,5+,0,0,1,0,0,0,1,0,0,0,0,0,0,1,0,0,0,0,0,0
267,536,2,0,0,0,1,0,0,1,0,0,0,0,0,0,0,0,0,0,0,1,0
268,537,1,1,0,0,0,0,0,1,0,0,0,0,0,1,0,0,0,0,0,0,0
269,540,4,0,1,0,0,0,0,1,0,0,0,0,1,0,0,0,0,0,0,0,0
270,541,1,0,1,0,0,0,0,1,0,0,0,0,0,0,0,0,0,0,1,0,0
271,544,1,0,0,0,0,1,0,1,0,0,0,0,1,0,0,0,0,0,0,0,0
272,545,3,0,0,0,0,0,1,1,0,0,0,0,1,0,0,0,0,0,0,0,0
273,546,1,0,1,0,0,0,0,1,0,0,0,0,0,1,0,0,0,0,0,0,0
274,549,1,0,0,0,1,0,0,1,0,0,1,0,0,0,0,0,0,0,0,0,0
275,550,1,0,0,1,0,0,0,1,0,0,1,0,0,0,0,0,0,0,0,0,0
276,551,1,0,0,0,1,0,0,1,0,0,0,0,0,0,1,0,0,0,0,0,0
277,552,2,0,0,0,0,0,1,1,0,0,0,0,1,0,0,0,0,0,0,0,0
278,553,3,0,0,1,0,0,0,1,0,0,0,0,0,0,0,0,0,0,0,1,0
279,557,3,0,1,0,0,0,0,1,0,0,0,0,1,0,0,0,0,0,0,0,0
280,558,2,0,0,1,0,0,0,1,0,0,0,0,0,1,0,0,0,0,0,0,0
281,560,2,0,0,0,1,0,0,1,0,0,0,0,0,1,0,0,0,0,0,0,0
282,561,2,0,0,1,0,0,0,1,0,0,0,0,1,0,0,0,0,0,0,0,0
283,564,2,0,0,1,0,0,0,1,0,0,0,0,0,0,0,1,0,0,0,0,0
284,565,3,0,1,0,0,0,0,1,0,0,0,0,0,0,0,0,0,1,0,0,0
285,566,4,0,1,0,0,0,0,1,0,0,0,0,0,1,0,0,0,0,0,0,0
286,569,1,0,0,0,1,0,0,1,0,0,0,0,0,0,0,0,0,1,0,0,0
287,571,2,0,0,0,0,1,0,1,0,0,0,0,0,0,0,0,1,0,0,0,0
288,572,2,0,0,1,0,0,0,1,0,0,0,0,1,0,0,0,0,0,0,0,0
289,574,1,0,0,1,0,0,0,1,0,0,0,0,1,0,0,0,0,0,0,0,0
290,575,2,0,0,0,0,1,0,1,0,1,0,0,0,0,0,0,0,0,0,0,0
291,577,3,0,0,0,1,0,0,1,0,0,0,0,0,0,0,1,0,0,0,0,0
292,579,2,0,1,0,0,0,0,1,0,0,0,0,0,0,0,0,1,0,0,0,0
293,581,1,0,0,0,1,0,0,1,0,0,1,0,0,0,0,0,0,0,0,0,0
294,585,5+,0,0,0,1,0,0,1,0,0,0,0,1,0,0,0,0,0,0,0,0
295,586,1,0,0,0,1,0,0,1,0,0,0,0,1,0,0,0,0,0,0,0,0
296,590,2,0,0,1,0,0,0,1,0,1,0,0,0,0,0,0,0,0,0,0,0
297,593,2,0,0,0,1,0,0,0,1,0,0,1,0,0,0,0,0,0,0,0,0
298,595,2,1,0,0,0,0,0,1,0,0,1,0,0,0,0,0,0,0,0,0,0
299,596,1,0,0,0,1,0,0,1,0,1,0,0,0,0,0,0,0,0,0,0,0
300,600,2,0,0,0,1,0,0,1,0,0,0,0,0,0,1,0,0,0,0,0,0
301,602,2,1,0,0,0,0,0,1,0,0,0,0,0,0,0,0,0,0,0,1,0
302,606,1,1,0,0,0,0,0,1,0,1,0,0,0,0,0,0,0,0,0,0,0
303,607,1,0,0,0,0,0,1,1,0,0,0,0,1,0,0,0,0,0,0,0,0
304,608,2,0,1,0,0,0,0,1,0,0,0,0,0,1,0,0,0,0,0,0,0
305,612,1,1,0,0,0,0,0,1,0,1,0,0,0,0,0,0,0,0,0,0,0
306,613,2,0,0,0,1,0,0,1,0,0,0,0,0,1,0,0,0,0,0,0,0
307,615,5+,0,0,1,0,0,0,1,0,0,0,0,0,0,0,0,1,0,0,0,0
308,619,2,0,0,1,0,0,0,0,1,0,0,0,1,0,0,0,0,0,0,0,0
309,620,3,0,1,0,0,0,0,1,0,0,0,0,1,0,0,0,0,0,0,0,0
310,622,4,0,0,1,0,0,0,1,0,0,0,0,0,1,0,0,0,0,0,0,0
311,624,5+,0,1,0,0,0,0,1,0,0,0,0,0,0,0,0,0,0,0,1,0
312,626,2,0,0,1,0,0,0,1,0,0,0,0,1,0,0,0,0,0,0,0,0
313,627,4,0,0,0,1,0,0,1,0,0,0,0,1,0,0,0,0,0,0,0,0
314,628,3,0,0,0,1,0,0,1,0,0,0,0,1,0,0,0,0,0,0,0,0
315,630,1,0,1,0,0,0,0,1,0,0,0,0,1,0,0,0,0,0,0,0,0
316,634,5+,0,0,0,0,1,0,1,0,0,0,0,0,1,0,0,0,0,0,0,0
317,636,2,0,0,0,0,1,0,1,0,0,0,1,0,0,0,0,0,0,0,0,0
318,637,1,0,0,0,1,0,0,1,0,0,0,0,0,0,1,0,0,0,0,0,0
319,641,1,0,0,0,1,0,0,1,0,0,0,0,0,1,0,0,0,0,0,0,0
320,642,1,0,0,1,0,0,0,1,0,0,0,1,0,0,0,0,0,0,0,0,0
321,643,1,0,1,0,0,0,0,1,0,0,1,0,0,0,0,0,0,0,0,0,0
322,648,5+,0,0,1,0,0,0,1,0,0,0,0,1,0,0,0,0,0,0,0,0
323,649,4,0,0,0,1,0,0,1,0,0,1,0,0,0,0,0,0,0,0,0,0
324,650,1,0,0,0,1,0,0,1,0,0,0,0,0,1,0,0,0,0,0,0,0
325,653,5+,0,0,0,1,0,0,1,0,0,0,0,1,0,0,0,0,0,0,0,0
326,655,2,0,0,0,1,0,0,1,0,0,0,1,0,0,0,0,0,0,0,0,0
327,656,5+,0,0,1,0,0,0,1,0,0,0,0,0,1,0,0,0,0,0,0,0
328,657,4,0,1,0,0,0,0,1,0,1,0,0,0,0,0,0,0,0,0,0,0
329,660,2,0,0,1,0,0,0,1,0,0,0,0,0,0,1,0,0,0,0,0,0
330,663,1,0,0,0,0,1,0,1,0,1,0,0,0,0,0,0,0,0,0,0,0
331,665,1,0,1,0,0,0,0,1,0,0,0,0,0,0,0,1,0,0,0,0,0
332,666,1,0,1,0,0,0,0,1,0,0,0,0,1,0,0,0,0,0,0,0,0
333,667,2,0,1,0,0,0,0,1,0,0,0,0,0,0,1,0,0,0,0,0,0
334,668,2,0,1,0,0,0,0,1,0,1,0,0,0,0,0,0,0,0,0,0,0
335,674,2,0,0,0,0,1,0,1,0,0,0,0,0,0,0,1,0,0,0,0,0
336,677,1,0,0,1,0,0,0,1,0,0,0,0,0,1,0,0,0,0,0,0,0
337,679,2,0,0,1,0,0,0,0,1,0,0,0,1,0,0,0,0,0,0,0,0
338,681,2,0,0,0,0,0,1,1,0,0,1,0,0,0,0,0,0,0,0,0,0
339,684,2,0,0,1,0,0,0,1,0,0,0,1,0,0,0,0,0,0,0,0,0
340,686,2,0,1,0,0,0,0,1,0,0,0,0,1,0,0,0,0,0,0,0,0
341,687,2,0,0,1,0,0,0,1,0,0,0,0,0,1,0,0,0,0,0,0,0
342,691,4,0,0,0,1,0,0,1,0,0,0,0,1,0,0,0,0,0,0,0,0
343,693,2,0,1,0,0,0,0,1,0,0,0,0,1,0,0,0,0,0,0,0,0
344,695,2,0,0,0,0,1,0,1,0,0,0,0,0,0,1,0,0,0,0,0,0
345,696,1,0,0,0,1,0,0,1,0,0,0,0,1,0,0,0,0,0,0,0,0
346,698,3,0,1,0,0,0,0,1,0,0,0,0,1,0,0,0,0,0,0,0,0
347,703,2,0,0,0,1,0,0,1,0,0,0,0,0,0,1,0,0,0,0,0,0
348,704,5+,0,0,0,1,0,0,1,0,0,0,0,0,0,1,0,0,0,0,0,0
349,708,3,0,0,1,0,0,0,1,0,0,0,0,0,1,0,0,0,0,0,0,0
350,712,3,0,0,0,1,0,0,1,0,0,0,0,0,1,0,0,0,0,0,0,0
351,716,4,0,0,1,0,0,0,0,1,1,0,0,0,0,0,0,0,0,0,0,0
352,719,2,0,0,0,0,1,0,1,0,0,1,0,0,0,0,0,0,0,0,0,0
353,724,3,0,1,0,0,0,0,1,0,0,0,0,0,0,1,0,0,0,0,0,0
354,725,3,0,0,0,0,1,0,0,1,0,0,1,0,0,0,0,0,0,0,0,0
355,726,3,0,0,0,1,0,0,1,0,0,0,0,0,1,0,0,0,0,0,0,0
356,731,1,0,0,0,0,0,1,1,0,0,0,0,1,0,0,0,0,0,0,0,0
357,732,2,0,0,1,0,0,0,1,0,0,1,0,0,0,0,0,0,0,0,0,0
358,735,2,0,0,0,1,0,0,1,0,0,0,0,0,1,0,0,0,0,0,0,0
359,737,4,0,0,1,0,0,0,1,0,0,0,0,1,0,0,0,0,0,0,0,0
360,738,1,0,0,0,1,0,0,1,0,1,0,0,0,0,0,0,0,0,0,0,0
361,740,2,0,0,0,1,0,0,1,0,0,0,0,1,0,0,0,0,0,0,0,0
362,742,2,0,0,0,1,0,0,1,0,0,1,0,0,0,0,0,0,0,0,0,0
363,743,2,0,0,0,1,0,0,1,0,0,1,0,0,0,0,0,0,0,0,0,0
364,744,1,0,0,0,0,0,1,1,0,0,0,0,1,0,0,0,0,0,0,0,0
365,745,1,0,0,1,0,0,0,1,0,1,0,0,0,0,0,0,0,0,0,0,0
366,746,1,0,1,0,0,0,0,1,0,0,1,0,0,0,0,0,0,0,0,0,0
367,748,3,0,0,0,1,0,0,1,0,0,0,0,0,0,0,0,1,0,0,0,0
368,749,4,0,0,1,0,0,0,1,0,0,0,0,0,1,0,0,0,0,0,0,0
369,750,2,1,0,0,0,0,0,1,0,0,1,0,0,0,0,0,0,0,0,0,0
370,751,1,0,1,0,0,0,0,1,0,0,0,0,0,1,0,0,0,0,0,0,0
371,752,5+,0,1,0,0,0,0,1,0,1,0,0,0,0,0,0,0,0,0,0,0
372,753,2,0,1,0,0,0,0,1,0,0,0,0,0,1,0,0,0,0,0,0,0
373,754,1,0,0,0,1,0,0,1,0,0,1,0,0,0,0,0,0,0,0,0,0
374,755,2,0,0,1,0,0,0,1,0,0,0,0,0,1,0,0,0,0,0,0,0
375,760,5+,0,0,0,1,0,0,1,0,0,0,0,0,1,0,0,0,0,0,0,0
376,762,1,0,0,0,1,0,0,0,1,0,0,0,1,0,0,0,0,0,0,0,0
377,763,2,0,1,0,0,0,0,1,0,0,0,0,1,0,0,0,0,0,0,0,0
378,766,2,0,0,1,0,0,0,1,0,0,0,0,0,0,0,0,0,1,0,0,0
379,774,4,0,0,0,1,0,0,1,0,0,0,0,1,0,0,0,0,0,0,0,0
380,775,3,1,0,0,0,0,0,1,0,0,1,0,0,0,0,0,0,0,0,0,0
381,776,1,0,0,0,1,0,0,1,0,0,1,0,0,0,0,0,0,0,0,0,0
382,779,3,0,1,0,0,0,0,1,0,0,0,0,1,0,0,0,0,0,0,0,0
383,781,1,0,0,0,1,0,0,1,0,0,0,0,0,0,0,1,0,0,0,0,0
384,782,2,0,0,0,0,1,0,1,0,0,0,0,0,0,0,0,0,1,0,0,0
385,784,2,0,0,0,1,0,0,1,0,0,0,0,1,0,0,0,0,0,0,0,0
386,785,3,0,0,1,0,0,0,1,0,0,0,0,0,1,0,0,0,0,0,0,0
387,789,2,0,0,0,1,0,0,1,0,1,0,0,0,0,0,0,0,0,0,0,0
388,792,2,0,0,1,0,0,0,1,0,0,0,0,1,0,0,0,0,0,0,0,0
389,793,2,0,0,0,1,0,0,1,0,0,0,0,0,1,0,0,0,0,0,0,0
390,795,2,0,0,0,1,0,0,1,0,0,0,0,0,1,0,0,0,0,0,0,0
391,796,3,0,0,0,1,0,0,1,0,0,0,0,0,1,0,0,0,0,0,0,0
392,797,1,0,0,0,1,0,0,1,0,0,0,0,0,0,1,0,0,0,0,0,0
393,799,1,0,0,0,0,0,1,1,0,0,0,0,0,1,0,0,0,0,0,0,0
394,800,2,0,0,0,1,0,0,1,0,0,0,1,0,0,0,0,0,0,0,0,0
395,801,1,0,1,0,0,0,0,1,0,0,1,0,0,0,0,0,0,0,0,0,0
396,802,1,0,0,0,1,0,0,1,0,0,1,0,0,0,0,0,0,0,0,0,0
397,806,1,0,0,0,1,0,0,1,0,0,1,0,0,0,0,0,0,0,0,0,0
398,808,2,0,0,0,0,0,1,1,0,0,0,0,1,0,0,0,0,0,0,0,0
399,813,3,0,1,0,0,0,0,0,1,0,0,1,0,0,0,0,0,0,0,0,0
400,817,2,0,0,0,0,1,0,1,0,0,0,0,1,0,0,0,0,0,0,0,0
401,821,2,0,0,0,0,0,1,1,0,0,0,1,0,0,0,0,0,0,0,0,0
402,822,1,0,0,1,0,0,0,1,0,0,0,0,0,0,1,0,0,0,0,0,0
403,823,4,0,0,1,0,0,0,0,1,0,1,0,0,0,0,0,0,0,0,0,0
404,824,4,0,0,0,1,0,0,1,0,0,0,0,0,1,0,0,0,0,0,0,0
405,828,2,1,0,0,0,0,0,0,1,1,0,0,0,0,0,0,0,0,0,0,0
406,829,1,0,0,0,1,0,0,1,0,1,0,0,0,0,0,0,0,0,0,0,0
407,833,2,0,0,0,0,1,0,1,0,0,0,0,1,0,0,0,0,0,0,0,0
408,835,2,0,0,0,0,0,1,1,0,0,0,0,0,1,0,0,0,0,0,0,0
409,837,2,1,0,0,0,0,0,1,0,0,0,0,1,0,0,0,0,0,0,0,0
410,839,1,0,0,0,1,0,0,1,0,1,0,0,0,0,0,0,0,0,0,0,0
411,842,4,0,0,0,1,0,0,1,0,0,0,0,0,0,0,0,1,0,0,0,0
412,844,4,0,0,0,1,0,0,1,0,0,0,0,0,1,0,0,0,0,0,0,0
413,851,2,0,0,1,0,0,0,1,0,0,0,0,0,0,1,0,0,0,0,0,0
414,853,2,0,0,0,0,0,1,1,0,0,1,0,0,0,0,0,0,0,0,0,0
415,855,2,0,0,0,0,1,0,1,0,0,0,1,0,0,0,0,0,0,0,0,0
416,856,2,0,1,0,0,0,0,1,0,0,1,0,0,0,0,0,0,0,0,0,0
417,857,1,0,0,0,0,0,1,1,0,0,0,0,0,0,0,1,0,0,0,0,0
418,859,3,0,0,1,0,0,0,1,0,0,0,0,0,0,1,0,0,0,0,0,0
419,860,1,0,1,0,0,0,0,1,0,1,0,0,0,0,0,0,0,0,0,0,0
420,861,2,0,0,0,0,0,1,1,0,0,0,1,0,0,0,0,0,0,0,0,0
421,864,1,0,0,0,0,1,0,1,0,0,0,0,0,1,0,0,0,0,0,0,0
422,865,1,0,1,0,0,0,0,1,0,0,0,0,0,0,0,1,0,0,0,0,0
423,867,2,0,0,0,1,0,0,1,0,0,0,0,0,1,0,0,0,0,0,0,0
424,871,3,0,0,1,0,0,0,1,0,0,0,0,0,0,0,1,0,0,0,0,0
425,872,2,0,0,0,0,0,1,1,0,0,0,0,0,0,0,1,0,0,0,0,0
426,874,2,0,0,0,1,0,0,1,0,0,0,0,0,1,0,0,0,0,0,0,0
427,876,1,0,0,1,0,0,0,1,0,0,0,0,0,0,0,0,0,1,0,0,0
428,877,2,0,0,0,1,0,0,1,0,0,0,0,0,1,0,0,0,0,0,0,0
429,878,2,0,0,0,0,0,1,1,0,0,0,0,0,0,0,0,1,0,0,0,0
430,879,1,0,0,0,1,0,0,0,1,0,0,0,1,0,0,0,0,0,0,0,0
431,880,1,0,0,0,0,1,0,1,0,0,1,0,0,0,0,0,0,0,0,0,0
432,886,3,0,0,0,1,0,0,1,0,0,0,0,0,1,0,0,0,0,0,0,0
433,888,3,0,1,0,0,0,0,1,0,0,0,0,1,0,0,0,0,0,0,0,0
434,889,1,0,0,1,0,0,0,1,0,0,0,0,1,0,0,0,0,0,0,0,0
435,891,2,0,0,1,0,0,0,1,0,0,0,0,0,1,0,0,0,0,0,0,0
436,892,1,0,0,0,1,0,0,1,0,0,1,0,0,0,0,0,0,0,0,0,0
437,894,3,1,0,0,0,0,0,1,0,0,0,0,0,1,0,0,0,0,0,0,0
438,896,2,0,0,0,0,1,0,1,0,0,0,0,1,0,0,0,0,0,0,0,0
439,897,1,0,0,0,1,0,0,0,1,0,0,0,1,0,0,0,0,0,0,0,0
440,898,3,0,0,1,0,0,0,1,0,0,0,0,1,0,0,0,0,0,0,0,0
441,901,3,0,1,0,0,0,0,1,0,0,1,0,0,0,0,0,0,0,0,0,0
442,902,1,0,0,0,1,0,0,1,0,1,0,0,0,0,0,0,0,0,0,0,0
443,904,2,0,0,1,0,0,0,1,0,0,0,0,0,0,0,0,0,1,0,0,0
444,905,2,0,0,1,0,0,0,1,0,1,0,0,0,0,0,0,0,0,0,0,0
445,909,5+,0,0,0,1,0,0,1,0,0,0,0,0,0,0,0,1,0,0,0,0
446,910,3,0,0,0,1,0,0,1,0,0,0,1,0,0,0,0,0,0,0,0,0
447,911,3,0,0,0,1,0,0,1,0,0,0,0,0,0,0,0,1,0,0,0,0
448,912,2,0,0,0,0,0,1,1,0,0,0,0,0,0,1,0,0,0,0,0,0
449,917,2,0,0,1,0,0,0,1,0,0,0,1,0,0,0,0,0,0,0,0,0
450,918,2,0,1,0,0,0,0,0,1,0,0,0,0,1,0,0,0,0,0,0,0
451,921,4,0,0,1,0,0,0,1,0,0,0,0,0,1,0,0,0,0,0,0,0
452,922,2,0,0,0,0,0,1,1,0,0,0,0,0,0,1,0,0,0,0,0,0
453,923,1,0,0,0,1,0,0,1,0,0,0,0,1,0,0,0,0,0,0,0,0
454,925,1,0,0,1,0,0,0,1,0,0,0,0,0,1,0,0,0,0,0,0,0
455,926,1,0,1,0,0,0,0,1,0,0,0,0,0,1,0,0,0,0,0,0,0
456,928,1,0,0,0,1,0,0,1,0,0,1,0,0,0,0,0,0,0,0,0,0
457,929,1,1,0,0,0,0,0,1,0,0,0,0,1,0,0,0,0,0,0,0,0
458,930,1,1,0,0,0,0,0,1,0,1,0,0,0,0,0,0,0,0,0,0,0
459,931,2,1,0,0,0,0,0,1,0,0,0,0,1,0,0,0,0,0,0,0,0
460,932,1,0,0,1,0,0,0,1,0,0,0,0,0,1,0,0,0,0,0,0,0
461,933,2,0,1,0,0,0,0,1,0,0,0,0,0,1,0,0,0,0,0,0,0
462,936,2,0,0,0,0,0,1,1,0,0,0,0,1,0,0,0,0,0,0,0,0
463,937,2,0,0,0,0,0,1,1,0,0,1,0,0,0,0,0,0,0,0,0,0
464,939,1,0,0,0,0,0,1,1,0,0,0,1,0,0,0,0,0,0,0,0,0
465,941,2,0,0,0,0,1,0,1,0,0,1,0,0,0,0,0,0,0,0,0,0
466,944,1,0,0,0,1,0,0,1,0,0,0,1,0,0,0,0,0,0,0,0,0
467,947,2,0,0,0,1,0,0,1,0,0,0,0,0,1,0,0,0,0,0,0,0
468,952,4,0,0,0,1,0,0,1,0,0,0,0,0,1,0,0,0,0,0,0,0
469,955,2,0,0,0,1,0,0,1,0,0,0,0,1,0,0,0,0,0,0,0,0
470,957,2,0,1,0,0,0,0,1,0,0,0,0,0,1,0,0,0,0,0,0,0
471,958,1,0,0,1,0,0,0,1,0,0,0,0,0,0,0,0,1,0,0,0,0
472,959,1,0,0,0,1,0,0,1,0,0,0,0,0,1,0,0,0,0,0,0,0
473,962,3,0,1,0,0,0,0,0,1,0,0,0,0,0,1,0,0,0,0,0,0
474,964,1,0,0,0,1,0,0,1,0,0,0,0,0,1,0,0,0,0,0,0,0
475,965,3,1,0,0,0,0,0,0,1,0,0,0,1,0,0,0,0,0,0,0,0
476,966,4,0,0,0,1,0,0,1,0,0,1,0,0,0,0,0,0,0,0,0,0
477,967,1,0,0,1,0,0,0,1,0,0,0,0,0,1,0,0,0,0,0,0,0
478,970,2,0,0,0,1,0,0,1,0,0,0,0,1,0,0,0,0,0,0,0,0
479,974,1,0,0,0,1,0,0,1,0,0,1,0,0,0,0,0,0,0,0,0,0
480,977,2,0,0,0,1,0,0,1,0,0,0,0,1,0,0,0,0,0,0,0,0
481,978,4,0,1,0,0,0,0,0,1,0,0,0,0,0,0,1,0,0,0,0,0
482,980,3,0,0,0,1,0,0,1,0,0,0,0,0,0,1,0,0,0,0,0,0
483,981,2,0,0,1,0,0,0,1,0,0,0,0,0,0,1,0,0,0,0,0,0
484,982,1,0,0,0,1,0,0,0,1,0,1,0,0,0,0,0,0,0,0,0,0
485,983,1,0,0,0,0,1,0,1,0,0,0,0,1,0,0,0,0,0,0,0,0
486,985,2,0,0,1,0,0,0,1,0,0,0,0,0,0,1,0,0,0,0,0,0
487,988,2,0,0,0,1,0,0,1,0,0,1,0,0,0,0,0,0,0,0,0,0
488,990,2,1,0,0,0,0,0,1,0,0,0,0,0,1,0,0,0,0,0,0,0
489,994,1,0,0,0,1,0,0,1,0,0,0,0,0,0,0,0,0,1,0,0,0
490,997,1,0,0,1,0,0,0,1,0,0,0,0,0,1,0,0,0,0,0,0,0
491,999,1,0,1,0,0,0,0,1,0,0,0,1,0,0,0,0,0,0,0,0,0
492,1003,1,0,0,0,1,0,0,1,0,0,0,0,0,1,0,0,0,0,0,0,0
493,1008,2,0,0,1,0,0,0,1,0,0,0,0,1,0,0,0,0,0,0,0,0
494,1011,5+,0,0,0,1,0,0,1,0,0,0,0,0,0,0,0,1,0,0,0,0
495,1015,2,0,0,1,0,0,0,1,0,0,0,0,0,0,1,0,0,0,0,0,0
496,1021,1,0,1,0,0,0,0,1,0,0,0,0,1,0,0,0,0,0,0,0,0
497,1023,4,1,0,0,0,0,0,0,1,1,0,0,0,0,0,0,0,0,0,0,0
498,1025,2,0,0,0,1,0,0,1,0,0,0,0,0,1,0,0,0,0,0,0,0
499,1026,5+,0,1,0,0,0,0,1,0,0,0,0,1,0,0,0,0,0,0,0,0
500,1031,1,0,0,1,0,0,0,1,0,0,1,0,0,0,0,0,0,0,0,0,0
501,1033,1,0,0,1,0,0,0,1,0,1,0,0,0,0,0,0,0,0,0,0,0
502,1036,2,0,0,1,0,0,0,1,0,0,0,0,0,0,0,0,0,1,0,0,0
503,1045,2,0,0,1,0,0,0,1,0,0,0,0,0,0,1,0,0,0,0,0,0
504,1046,2,0,0,0,1,0,0,1,0,0,0,0,0,0,1,0,0,0,0,0,0
505,1047,1,0,0,0,1,0,0,1,0,0,0,0,0,0,1,0,0,0,0,0,0
506,1051,2,0,0,0,1,0,0,1,0,0,1,0,0,0,0,0,0,0,0,0,0
507,1053,1,0,0,0,1,0,0,1,0,0,0,0,0,1,0,0,0,0,0,0,0
508,1054,1,0,0,1,0,0,0,1,0,0,0,0,0,1,0,0,0,0,0,0,0
509,1055,3,0,1,0,0,0,0,1,0,0,0,0,1,0,0,0,0,0,0,0,0
510,1056,1,0,0,1,0,0,0,1,0,0,1,0,0,0,0,0,0,0,0,0,0
511,1057,1,0,0,1,0,0,0,1,0,0,0,1,0,0,0,0,0,0,0,0,0
512,1058,3,0,0,0,1,0,0,1,0,0,0,0,0,1,0,0,0,0,0,0,0
513,1061,1,0,0,1,0,0,0,1,0,0,0,1,0,0,0,0,0,0,0,0,0
514,1062,1,0,0,0,1,0,0,1,0,0,0,1,0,0,0,0,0,0,0,0,0
515,1063,3,0,1,0,0,0,0,1,0,0,0,0,1,0,0,0,0,0,0,0,0
516,1064,2,0,0,1,0,0,0,1,0,0,0,0,0,0,0,0,0,1,0,0,0
517,1067,1,0,0,0,1,0,0,1,0,0,0,0,0,1,0,0,0,0,0,0,0
518,1068,2,0,0,0,1,0,0,1,0,0,1,0,0,0,0,0,0,0,0,0,0
519,1070,1,0,0,0,0,1,0,1,0,0,0,0,0,0,1,0,0,0,0,0,0
520,1076,1,1,0,0,0,0,0,1,0,0,0,0,0,0,0,0,0,0,0,0,1
521,1079,2,0,0,0,1,0,0,1,0,1,0,0,0,0,0,0,0,0,0,0,0
522,1082,1,0,0,0,0,1,0,1,0,0,0,0,1,0,0,0,0,0,0,0,0
523,1083,4,0,1,0,0,0,0,0,1,0,1,0,0,0,0,0,0,0,0,0,0
524,1085,1,0,0,0,1,0,0,1,0,0,0,0,1,0,0,0,0,0,0,0,0
525,1089,5+,0,0,1,0,0,0,1,0,0,0,0,1,0,0,0,0,0,0,0,0
526,1091,5+,0,0,0,1,0,0,1,0,0,0,0,0,0,0,0,1,0,0,0,0
527,1093,4,0,0,0,1,0,0,1,0,0,0,0,0,0,1,0,0,0,0,0,0
528,1094,1,0,0,0,1,0,0,1,0,0,0,0,1,0,0,0,0,0,0,0,0
529,1103,2,0,1,0,0,0,0,1,0,0,0,0,1,0,0,0,0,0,0,0,0
530,1104,2,0,0,0,0,0,1,1,0,0,0,0,0,0,1,0,0,0,0,0,0
531,1108,5+,0,1,0,0,0,0,1,0,0,0,0,1,0,0,0,0,0,0,0,0
532,1109,2,0,0,1,0,0,0,1,0,0,0,0,0,0,1,0,0,0,0,0,0
533,1111,2,0,0,0,1,0,0,1,0,0,0,0,0,0,0,1,0,0,0,0,0
534,1115,2,0,0,0,1,0,0,1,0,0,0,1,0,0,0,0,0,0,0,0,0
535,1116,1,1,0,0,0,0,0,1,0,0,0,0,1,0,0,0,0,0,0,0,0
536,1117,1,0,0,0,0,0,1,1,0,1,0,0,0,0,0,0,0,0,0,0,0
537,1119,2,0,0,1,0,0,0,1,0,0,0,0,0,0,0,0,0,0,1,0,0
538,1120,2,0,0,0,1,0,0,1,0,0,0,0,0,0,0,0,0,1,0,0,0
539,1121,3,1,0,0,0,0,0,1,0,0,0,0,0,1,0,0,0,0,0,0,0
540,1122,2,0,0,0,0,0,1,1,0,0,0,0,1,0,0,0,0,0,0,0,0
541,1128,1,0,0,0,1,0,0,1,0,0,0,0,0,1,0,0,0,0,0,0,0
542,1129,2,0,0,0,0,0,1,1,0,0,0,0,0,0,0,0,0,1,0,0,0
543,1130,2,0,0,0,1,0,0,1,0,0,0,1,0,0,0,0,0,0,0,0,0
544,1131,5+,1,0,0,0,0,0,0,1,1,0,0,0,0,0,0,0,0,0,0,0
545,1133,2,0,0,0,1,0,0,1,0,0,0,0,0,0,0,0,0,1,0,0,0
546,1135,2,0,0,0,0,1,0,1,0,0,0,0,1,0,0,0,0,0,0,0,0
547,1136,2,0,0,0,1,0,0,1,0,0,0,0,0,0,1,0,0,0,0,0,0
548,1141,2,0,0,0,0,0,1,1,0,0,0,0,0,0,1,0,0,0,0,0,0
549,1142,1,0,0,0,0,1,0,1,0,0,0,0,0,0,1,0,0,0,0,0,0
550,1144,5+,0,1,0,0,0,0,1,0,0,0,1,0,0,0,0,0,0,0,0,0
551,1145,5+,0,0,0,1,0,0,1,0,0,0,0,0,0,0,0,1,0,0,0,0
552,1151,2,0,0,0,1,0,0,1,0,0,0,0,1,0,0,0,0,0,0,0,0
553,1152,3,0,0,0,1,0,0,1,0,0,0,0,0,0,0,0,0,0,1,0,0
554,1153,1,0,0,0,1,0,0,1,0,0,0,0,0,0,0,0,0,0,1,0,0
555,1154,3,0,0,0,1,0,0,1,0,0,0,0,0,0,1,0,0,0,0,0,0
556,1156,2,0,0,0,0,0,1,1,0,0,0,0,0,0,1,0,0,0,0,0,0
557,1161,1,0,1,0,0,0,0,1,0,0,0,0,0,0,0,0,0,1,0,0,0
558,1164,4,0,1,0,0,0,0,1,0,0,1,0,0,0,0,0,0,0,0,0,0
559,1166,5+,0,0,0,1,0,0,1,0,0,0,0,0,0,0,0,1,0,0,0,0
560,1167,1,0,0,0,1,0,0,1,0,0,0,0,0,1,0,0,0,0,0,0,0
561,1168,2,1,0,0,0,0,0,0,1,0,0,0,1,0,0,0,0,0,0,0,0
562,1170,1,0,0,1,0,0,0,1,0,0,1,0,0,0,0,0,0,0,0,0,0
563,1172,2,0,0,0,0,0,1,1,0,0,0,0,1,0,0,0,0,0,0,0,0
564,1178,3,0,0,1,0,0,0,1,0,0,0,0,1,0,0,0,0,0,0,0,0
565,1179,2,0,0,1,0,0,0,1,0,0,0,0,0,0,0,1,0,0,0,0,0
566,1181,2,0,0,0,1,0,0,1,0,0,0,0,0,1,0,0,0,0,0,0,0
567,1182,3,0,1,0,0,0,0,1,0,0,0,1,0,0,0,0,0,0,0,0,0
568,1184,3,0,0,0,1,0,0,1,0,0,0,0,1,0,0,0,0,0,0,0,0
569,1187,1,0,1,0,0,0,0,1,0,0,0,0,0,1,0,0,0,0,0,0,0
570,1188,2,0,0,1,0,0,0,1,0,0,0,0,0,1,0,0,0,0,0,0,0
571,1190,1,0,0,0,0,1,0,1,0,0,0,0,0,0,1,0,0,0,0,0,0
572,1192,1,0,0,0,0,0,1,1,0,0,1,0,0,0,0,0,0,0,0,0,0
573,1194,5+,0,0,1,0,0,0,1,0,0,0,0,1,0,0,0,0,0,0,0,0
574,1195,2,0,0,0,0,1,0,1,0,0,0,0,0,1,0,0,0,0,0,0,0
575,1196,2,0,0,1,0,0,0,1,0,0,0,0,1,0,0,0,0,0,0,0,0
576,1198,1,1,0,0,0,0,0,0,1,0,0,0,1,0,0,0,0,0,0,0,0
577,1201,1,1,0,0,0,0,0,1,0,1,0,0,0,0,0,0,0,0,0,0,0
578,1202,3,0,0,1,0,0,0,1,0,0,0,0,0,0,1,0,0,0,0,0,0
579,1203,1,0,0,1,0,0,0,1,0,0,0,1,0,0,0,0,0,0,0,0,0
580,1205,1,0,0,0,1,0,0,1,0,0,0,0,0,1,0,0,0,0,0,0,0
581,1208,2,0,0,0,0,1,0,1,0,0,0,0,0,0,0,0,0,1,0,0,0
582,1210,2,0,0,0,1,0,0,1,0,0,0,0,0,1,0,0,0,0,0,0,0
583,1211,2,0,0,1,0,0,0,1,0,0,0,0,0,1,0,0,0,0,0,0,0
584,1216,4,0,1,0,0,0,0,1,0,0,0,0,0,0,0,0,1,0,0,0,0
585,1217,1,0,1,0,0,0,0,1,0,0,0,0,0,0,1,0,0,0,0,0,0
586,1219,1,0,0,1,0,0,0,1,0,0,0,0,0,1,0,0,0,0,0,0,0
587,1220,1,0,0,0,1,0,0,1,0,1,0,0,0,0,0,0,0,0,0,0,0
588,1222,1,0,0,0,1,0,0,1,0,0,0,0,0,1,0,0,0,0,0,0,0
589,1224,1,0,1,0,0,0,0,1,0,0,0,0,1,0,0,0,0,0,0,0,0
590,1228,2,0,0,0,0,0,1,1,0,0,0,1,0,0,0,0,0,0,0,0,0
591,1230,1,0,0,0,0,0,1,0,1,1,0,0,0,0,0,0,0,0,0,0,0
592,1231,3,0,1,0,0,0,0,1,0,0,0,0,0,1,0,0,0,0,0,0,0
593,1239,1,0,0,1,0,0,0,0,1,0,0,0,0,0,1,0,0,0,0,0,0
594,1240,5+,0,1,0,0,0,0,1,0,0,0,0,0,1,0,0,0,0,0,0,0
595,1242,3,0,0,0,1,0,0,1,0,0,0,0,0,0,0,0,0,1,0,0,0
596,1243,2,0,0,0,0,1,0,1,0,0,0,0,0,1,0,0,0,0,0,0,0
597,1245,1,0,1,0,0,0,0,1,0,0,0,0,0,0,0,1,0,0,0,0,0
598,1246,5+,0,1,0,0,0,0,1,0,0,0,0,0,1,0,0,0,0,0,0,0
599,1249,1,0,0,0,0,0,1,1,0,0,1,0,0,0,0,0,0,0,0,0,0
600,1250,5+,0,0,1,0,0,0,1,0,0,0,0,0,0,0,0,1,0,0,0,0
601,1252,3,0,1,0,0,0,0,1,0,0,0,1,0,0,0,0,0,0,0,0,0
602,1254,1,0,1,0,0,0,0,1,0,0,0,0,0,1,0,0,0,0,0,0,0
603,1256,1,0,0,1,0,0,0,1,0,0,0,0,1,0,0,0,0,0,0,0,0
604,1257,1,0,0,0,1,0,0,1,0,0,0,0,0,1,0,0,0,0,0,0,0
605,1258,1,0,0,0,1,0,0,1,0,1,0,0,0,0,0,0,0,0,0,0,0
606,1259,3,0,0,0,1,0,0,1,0,0,0,0,0,1,0,0,0,0,0,0,0
607,1262,1,0,0,0,1,0,0,1,0,0,0,0,0,0,1,0,0,0,0,0,0
608,1263,2,0,0,0,1,0,0,0,1,0,0,1,0,0,0,0,0,0,0,0,0
609,1264,1,1,0,0,0,0,0,1,0,0,0,1,0,0,0,0,0,0,0,0,0
610,1268,2,0,0,0,1,0,0,1,0,0,0,0,0,0,1,0,0,0,0,0,0
611,1269,1,0,0,0,1,0,0,1,0,0,0,0,0,1,0,0,0,0,0,0,0
612,1271,5+,0,0,1,0,0,0,1,0,0,0,0,0,0,0,1,0,0,0,0,0
613,1273,2,0,1,0,0,0,0,1,0,0,0,0,0,0,0,0,1,0,0,0,0
614,1276,1,0,0,1,0,0,0,1,0,0,0,0,0,0,1,0,0,0,0,0,0
615,1284,2,0,0,1,0,0,0,0,1,0,0,0,1,0,0,0,0,0,0,0,0
616,1290,5+,0,0,1,0,0,0,1,0,0,0,1,0,0,0,0,0,0,0,0,0
617,1292,2,0,0,0,1,0,0,1,0,0,1,0,0,0,0,0,0,0,0,0,0
618,1295,2,0,0,1,0,0,0,1,0,0,0,0,1,0,0,0,0,0,0,0,0
619,1296,2,0,1,0,0,0,0,1,0,0,0,0,0,0,0,0,1,0,0,0,0
620,1298,2,0,1,0,0,0,0,1,0,0,0,1,0,0,0,0,0,0,0,0,0
621,1299,2,0,0,0,0,1,0,1,0,0,0,0,0,0,1,0,0,0,0,0,0
622,1300,1,1,0,0,0,0,0,1,0,0,0,0,0,1,0,0,0,0,0,0,0
623,1303,2,0,0,0,0,1,0,1,0,0,0,0,0,1,0,0,0,0,0,0,0
624,1304,1,0,0,1,0,0,0,1,0,0,1,0,0,0,0,0,0,0,0,0,0
625,1305,1,0,0,0,1,0,0,1,0,0,0,0,0,1,0,0,0,0,0,0,0
626,1309,3,0,1,0,0,0,0,1,0,0,0,0,0,0,0,1,0,0,0,0,0
627,1314,3,0,0,0,1,0,0,1,0,1,0,0,0,0,0,0,0,0,0,0,0
628,1316,2,0,0,0,0,1,0,1,0,0,0,0,0,0,0,0,1,0,0,0,0
629,1317,2,0,0,1,0,0,0,1,0,0,0,0,1,0,0,0,0,0,0,0,0
630,1318,2,0,0,0,1,0,0,1,0,0,0,1,0,0,0,0,0,0,0,0,0
631,1319,1,0,0,0,1,0,0,1,0,0,0,0,0,0,0,1,0,0,0,0,0
632,1320,1,0,1,0,0,0,0,1,0,0,0,0,1,0,0,0,0,0,0,0,0
633,1321,3,0,0,1,0,0,0,1,0,1,0,0,0,0,0,0,0,0,0,0,0
634,1322,2,0,0,0,1,0,0,1,0,0,0,0,0,1,0,0,0,0,0,0,0
635,1324,5+,0,0,1,0,0,0,1,0,0,1,0,0,0,0,0,0,0,0,0,0
636,1327,2,0,0,0,0,0,1,1,0,0,0,0,1,0,0,0,0,0,0,0,0
637,1328,2,0,0,0,0,1,0,1,0,0,0,0,0,0,0,0,0,0,1,0,0
638,1329,5+,0,0,1,0,0,0,1,0,0,0,0,0,0,1,0,0,0,0,0,0
639,1332,2,0,0,1,0,0,0,1,0,0,0,0,0,0,0,0,1,0,0,0,0
640,1333,2,0,0,0,1,0,0,1,0,0,0,0,0,0,1,0,0,0,0,0,0
641,1334,5+,0,0,0,1,0,0,1,0,0,0,0,1,0,0,0,0,0,0,0,0
642,1336,5+,0,0,1,0,0,0,1,0,0,0,0,0,0,0,0,0,1,0,0,0
643,1337,5+,0,0,1,0,0,0,1,0,0,0,0,0,0,1,0,0,0,0,0,0
644,1339,2,0,0,0,0,1,0,1,0,0,0,0,1,0,0,0,0,0,0,0,0
645,1340,2,0,0,0,1,0,0,1,0,0,0,0,0,0,1,0,0,0,0,0,0
646,1341,4,0,1,0,0,0,0,1,0,0,0,0,0,1,0,0,0,0,0,0,0
647,1343,2,0,1,0,0,0,0,1,0,0,0,0,1,0,0,0,0,0,0,0,0
648,1344,1,0,1,0,0,0,0,1,0,0,0,0,0,1,0,0,0,0,0,0,0
649,1346,2,0,0,0,0,1,0,1,0,0,0,0,0,0,0,1,0,0,0,0,0
650,1347,1,0,0,1,0,0,0,1,0,0,0,0,1,0,0,0,0,0,0,0,0
651,1356,3,0,1,0,0,0,0,1,0,0,0,0,0,0,1,0,0,0,0,0,0
652,1357,4,0,0,0,0,1,0,1,0,0,0,0,1,0,0,0,0,0,0,0,0
653,1359,2,0,0,0,1,0,0,1,0,0,0,0,1,0,0,0,0,0,0,0,0
654,1360,2,0,0,0,1,0,0,1,0,0,0,0,0,1,0,0,0,0,0,0,0
655,1361,1,0,1,0,0,0,0,1,0,0,0,0,0,1,0,0,0,0,0,0,0
656,1364,1,0,0,0,1,0,0,1,0,0,0,0,0,0,1,0,0,0,0,0,0
657,1367,1,0,0,1,0,0,0,1,0,0,0,0,0,1,0,0,0,0,0,0,0
658,1370,2,0,1,0,0,0,0,1,0,0,0,0,1,0,0,0,0,0,0,0,0
659,1373,3,0,0,0,1,0,0,1,0,0,0,0,1,0,0,0,0,0,0,0,0
660,1374,3,0,0,0,0,1,0,1,0,0,0,0,0,0,0,1,0,0,0,0,0
661,1375,2,0,0,0,1,0,0,1,0,0,0,0,0,0,1,0,0,0,0,0,0
662,1376,2,0,0,0,0,0,1,1,0,0,0,1,0,0,0,0,0,0,0,0,0
663,1377,1,0,1,0,0,0,0,1,0,0,0,0,0,1,0,0,0,0,0,0,0
664,1378,4,0,1,0,0,0,0,1,0,0,0,0,0,0,0,0,1,0,0,0,0
665,1379,1,0,0,1,0,0,0,1,0,0,0,1,0,0,0,0,0,0,0,0,0
666,1381,2,0,0,0,0,0,1,1,0,0,0,0,1,0,0,0,0,0,0,0,0
667,1382,4,0,0,1,0,0,0,1,0,0,0,0,0,1,0,0,0,0,0,0,0
668,1383,2,0,1,0,0,0,0,1,0,0,0,0,0,1,0,0,0,0,0,0,0
669,1384,1,0,0,0,0,1,0,1,0,0,0,1,0,0,0,0,0,0,0,0,0
670,1385,1,0,0,1,0,0,0,1,0,0,0,1,0,0,0,0,0,0,0,0,0
671,1386,3,1,0,0,0,0,0,1,0,0,0,0,0,1,0,0,0,0,0,0,0
672,1387,1,0,0,0,1,0,0,1,0,1,0,0,0,0,0,0,0,0,0,0,0
673,1388,2,0,0,0,1,0,0,1,0,0,0,0,0,1,0,0,0,0,0,0,0
674,1392,3,0,0,1,0,0,0,1,0,0,0,0,0,1,0,0,0,0,0,0,0
675,1393,5+,0,1,0,0,0,0,0,1,0,0,0,1,0,0,0,0,0,0,0,0
676,1398,1,0,0,1,0,0,0,1,0,0,1,0,0,0,0,0,0,0,0,0,0
677,1399,1,0,0,0,0,0,1,1,0,0,0,0,1,0,0,0,0,0,0,0,0
678,1402,1,1,0,0,0,0,0,1,0,0,0,0,0,0,0,0,0,0,0,0,1
679,1407,2,0,0,1,0,0,0,1,0,0,0,0,0,0,0,0,0,0,0,1,0
680,1408,1,0,1,0,0,0,0,1,0,0,0,0,0,0,0,0,0,1,0,0,0
681,1409,2,0,0,0,0,0,1,1,0,1,0,0,0,0,0,0,0,0,0,0,0
682,1410,3,0,0,0,1,0,0,1,0,0,0,0,0,0,0,0,0,0,1,0,0
683,1412,1,0,0,0,1,0,0,1,0,0,0,0,0,1,0,0,0,0,0,0,0
684,1417,2,0,0,0,1,0,0,1,0,0,0,0,0,1,0,0,0,0,0,0,0
685,1422,1,0,0,1,0,0,0,1,0,0,0,0,0,0,1,0,0,0,0,0,0
686,1424,4,0,0,0,1,0,0,1,0,0,0,0,0,1,0,0,0,0,0,0,0
687,1425,1,1,0,0,0,0,0,1,0,0,0,0,1,0,0,0,0,0,0,0,0
688,1427,1,0,0,0,1,0,0,1,0,0,0,1,0,0,0,0,0,0,0,0,0
689,1431,2,0,0,0,1,0,0,1,0,0,0,0,0,0,0,0,0,0,0,0,1
690,1432,1,0,1,0,0,0,0,1,0,0,0,0,1,0,0,0,0,0,0,0,0
691,1433,2,0,0,0,0,1,0,1,0,0,0,0,1,0,0,0,0,0,0,0,0
692,1440,2,0,1,0,0,0,0,1,0,0,0,0,0,1,0,0,0,0,0,0,0
693,1441,3,0,0,1,0,0,0,1,0,0,1,0,0,0,0,0,0,0,0,0,0
694,1443,1,0,0,0,0,1,0,1,0,0,0,0,0,0,0,0,0,0,1,0,0
695,1444,2,0,0,0,1,0,0,1,0,0,0,0,0,0,0,0,0,0,0,0,1
696,1449,4,0,0,0,1,0,0,0,1,0,0,1,0,0,0,0,0,0,0,0,0
697,1450,1,0,0,1,0,0,0,0,1,0,0,0,1,0,0,0,0,0,0,0,0
698,1451,2,0,0,1,0,0,0,1,0,0,0,0,0,0,0,0,1,0,0,0,0
699,1452,2,0,0,0,0,0,1,1,0,0,0,0,0,1,0,0,0,0,0,0,0
700,1453,2,0,0,0,1,0,0,1,0,0,0,0,0,1,0,0,0,0,0,0,0
701,1455,3,0,0,1,0,0,0,1,0,0,0,0,1,0,0,0,0,0,0,0,0
702,1457,1,0,0,0,1,0,0,1,0,0,0,0,0,1,0,0,0,0,0,0,0
703,1458,3,0,0,0,1,0,0,1,0,0,0,0,0,0,1,0,0,0,0,0,0
704,1460,2,0,0,0,1,0,0,1,0,0,0,0,0,0,0,0,0,0,0,0,1
705,1461,2,0,0,0,1,0,0,1,0,0,0,0,0,0,0,0,1,0,0,0,0
706,1463,5+,0,0,1,0,0,0,1,0,0,0,0,0,1,0,0,0,0,0,0,0
707,1464,1,1,0,0,0,0,0,1,0,1,0,0,0,0,0,0,0,0,0,0,0
708,1466,1,0,0,0,1,0,0,1,0,0,0,0,0,0,0,0,0,0,1,0,0
709,1467,2,0,0,1,0,0,0,1,0,0,0,0,0,1,0,0,0,0,0,0,0
710,1469,2,0,0,0,1,0,0,1,0,0,0,0,0,0,0,0,0,0,0,0,1
711,1471,1,0,0,0,1,0,0,1,0,0,0,0,0,1,0,0,0,0,0,0,0
712,1472,5+,0,0,1,0,0,0,1,0,0,0,0,1,0,0,0,0,0,0,0,0
713,1473,1,0,0,1,0,0,0,1,0,0,0,0,0,1,0,0,0,0,0,0,0
714,1475,3,0,0,0,0,0,1,1,0,1,0,0,0,0,0,0,0,0,0,0,0
715,1477,1,0,0,0,1,0,0,1,0,0,0,0,0,1,0,0,0,0,0,0,0
716,1478,1,0,0,0,0,1,0,1,0,0,0,0,0,0,0,1,0,0,0,0,0
717,1479,1,1,0,0,0,0,0,1,0,0,0,0,0,1,0,0,0,0,0,0,0
718,1483,2,0,0,0,1,0,0,1,0,0,0,0,1,0,0,0,0,0,0,0,0
719,1485,2,0,0,0,1,0,0,1,0,0,0,0,0,0,1,0,0,0,0,0,0
720,1489,2,0,0,0,1,0,0,1,0,0,0,1,0,0,0,0,0,0,0,0,0
721,1490,1,0,1,0,0,0,0,1,0,0,0,0,0,1,0,0,0,0,0,0,0
722,1491,2,0,1,0,0,0,0,1,0,0,0,0,1,0,0,0,0,0,0,0,0
723,1492,2,0,0,0,1,0,0,0,1,0,0,1,0,0,0,0,0,0,0,0,0
724,1494,2,0,0,0,1,0,0,1,0,1,0,0,0,0,0,0,0,0,0,0,0
725,1496,2,0,1,0,0,0,0,1,0,1,0,0,0,0,0,0,0,0,0,0,0
726,1500,2,0,0,0,1,0,0,1,0,0,0,0,0,0,0,0,0,1,0,0,0
727,1502,1,0,0,0,1,0,0,1,0,0,0,0,1,0,0,0,0,0,0,0,0
728,1504,5+,0,1,0,0,0,0,1,0,0,0,0,0,1,0,0,0,0,0,0,0
729,1506,1,0,0,0,1,0,0,1,0,0,0,0,0,1,0,0,0,0,0,0,0
730,1512,2,0,1,0,0,0,0,1,0,0,0,0,0,1,0,0,0,0,0,0,0
731,1514,1,0,0,1,0,0,0,1,0,0,0,0,0,0,1,0,0,0,0,0,0
732,1518,3,0,0,1,0,0,0,1,0,0,0,1,0,0,0,0,0,0,0,0,0
733,1519,1,0,1,0,0,0,0,1,0,0,1,0,0,0,0,0,0,0,0,0,0
734,1520,3,0,1,0,0,0,0,1,0,0,0,0,0,0,0,0,1,0,0,0,0
735,1521,2,0,0,0,1,0,0,1,0,0,0,0,0,0,0,1,0,0,0,0,0
736,1523,2,0,0,0,0,0,1,1,0,1,0,0,0,0,0,0,0,0,0,0,0
737,1528,3,0,0,0,1,0,0,1,0,0,1,0,0,0,0,0,0,0,0,0,0
738,1529,5+,0,0,0,1,0,0,1,0,0,0,0,0,0,0,0,0,1,0,0,0
739,1533,1,1,0,0,0,0,0,1,0,1,0,0,0,0,0,0,0,0,0,0,0
740,1534,3,0,0,1,0,0,0,1,0,0,0,0,0,1,0,0,0,0,0,0,0
741,1537,1,1,0,0,0,0,0,1,0,0,0,0,1,0,0,0,0,0,0,0,0
742,1538,5+,0,0,1,0,0,0,1,0,0,0,0,0,0,0,0,1,0,0,0,0
743,1544,1,0,0,0,1,0,0,1,0,0,0,0,1,0,0,0,0,0,0,0,0
744,1545,2,0,0,1,0,0,0,1,0,0,0,0,0,0,0,0,1,0,0,0,0
745,1546,2,0,0,1,0,0,0,1,0,0,0,1,0,0,0,0,0,0,0,0,0
746,1547,2,0,0,0,1,0,0,1,0,0,0,0,0,1,0,0,0,0,0,0,0
747,1551,1,0,0,0,1,0,0,1,0,0,0,0,0,1,0,0,0,0,0,0,0
748,1552,2,0,0,0,1,0,0,1,0,0,0,1,0,0,0,0,0,0,0,0,0
749,1558,3,0,0,1,0,0,0,1,0,0,0,0,0,0,1,0,0,0,0,0,0
750,1566,2,0,1,0,0,0,0,1,0,0,0,0,0,0,0,0,0,1,0,0,0
751,1569,1,0,0,0,1,0,0,1,0,0,0,0,0,0,1,0,0,0,0,0,0
752,1572,1,0,0,1,0,0,0,1,0,0,0,1,0,0,0,0,0,0,0,0,0
753,1573,1,0,0,0,1,0,0,1,0,0,0,0,1,0,0,0,0,0,0,0,0
754,1574,2,0,0,1,0,0,0,1,0,0,0,0,0,1,0,0,0,0,0,0,0
755,1577,2,0,0,1,0,0,0,1,0,0,0,0,0,1,0,0,0,0,0,0,0
756,1578,3,0,0,0,1,0,0,1,0,0,0,0,0,0,1,0,0,0,0,0,0
757,1579,1,0,0,0,1,0,0,1,0,0,0,0,1,0,0,0,0,0,0,0,0
758,1580,2,0,1,0,0,0,0,1,0,0,0,0,0,1,0,0,0,0,0,0,0
759,1581,3,0,1,0,0,0,0,1,0,1,0,0,0,0,0,0,0,0,0,0,0
